Books,gofyt@mailinator.com,ac748cb38ff28d1ea98458b16695739d7e90f22d
Montana,zusohicyqu@mailinator.com,ac748cb38ff28d1ea98458b16695739d7e90f22d
Arden,jaxe@mailinator.com,ac748cb38ff28d1ea98458b16695739d7e90f22d
Idola,sytituviqo@mailinator.com,ac748cb38ff28d1ea98458b16695739d7e90f22d
Deanna,dexuny@mailinator.com,ac748cb38ff28d1ea98458b16695739d7e90f22d
Gareth,nynuwyne@mailinator.com,ac748cb38ff28d1ea98458b16695739d7e90f22d
Candace,nupu@mailinator.com,ac748cb38ff28d1ea98458b16695739d7e90f22d
August,qogo@mailinator.com,ac748cb38ff28d1ea98458b16695739d7e90f22d
Amber,muqyko@mailinator.com,ac748cb38ff28d1ea98458b16695739d7e90f22d
Ashely,vewaqis@mailinator.com,ac748cb38ff28d1ea98458b16695739d7e90f22d
Mason,rivyhoxel@mailinator.com,ac748cb38ff28d1ea98458b16695739d7e90f22d
Garrison,livebuwo@mailinator.com,ac748cb38ff28d1ea98458b16695739d7e90f22d
,ramukuw@mailinator.com,ac748cb38ff28d1ea98458b16695739d7e90f22d
,veqi@mailinator.com,ac748cb38ff28d1ea98458b16695739d7e90f22d
